Session Google Ads query,Sessions,Engaged sessions,Google Ads cost
sofa bed,245,198,312.45
couch delivery,189,156,287.2
sectional sofa,167,142,198.75
free couch craigslist,89,12,145.3
couch craiglist near me,67,8,98.2
furniture rental,78,18,134.5
rent to own sofa,56,14,87.6
sofa dimensions,145,121,167.4
leather couch,198,172,245.8
couch covers,134,115,156.2
sofa repair near me,45,9,78.3
fix broken couch,38,7,62.1
sofa diy repair,29,5,48.9
living room furniture,223,195,289.6
sectional couch gray,156,138,201.4
l shaped sofa,178,158,234.7
modular sofa,134,118,189.3
pull out couch,167,143,212.5
sleeper sofa queen,145,128,198.6
sofa bed mattress,123,108,167.8
futon sofa bed,98,86,134.2
convertible couch,112,97,154.3
sofa table,189,168,245.6
couch end table,156,139,198.4
furniture store near me,267,238,312.8
couch financing,89,24,156.7
furniture payment plan,76,19,134.5
buy now pay later sofa,67,15,112.3
0 interest furniture,54,11,89.4
sofa warehouse,134,118,178.9
outlet furniture,112,98,156.2
discount sofa,145,127,189.6
cheap couch,167,142,212.4
affordable sectional,123,108,156.7
sofa cleaning,78,12,98.3
how to clean couch,67,9,89.2
couch stain removal,56,8,78.1
fabric sofa cleaner,45,6,67.4
velvet sofa,134,119,178.6
boucle sofa,89,79,123.4
teddy bear sofa,67,58,98.2
performance fabric couch,112,99,156.3
pet friendly sofa,145,129,198.7
sofa with chaise,178,158,234.5
reclining sectional,156,138,212.3
power recliner sofa,134,117,189.4
sofa with storage,112,98,156.2
ottoman sofa,98,87,134.6
coffee table,245,219,312.4
accent chair,198,178,256.7